<TextFileConfiguration>
	<FilePath>not used</FilePath>
	<Delimiters>,</Delimiters>
	<DescriptionClassName>es.ucm.fdi.ici.c2122.practica5.grupo05.ghosts.GhostsDescription</DescriptionClassName>
	<DescriptionMappings>
		<Map>id</Map>
		<Map>score</Map>
		<Map>time</Map>
		<Map>level</Map>
		
		<Map>edibleTime</Map>

		<Map>distToPacman</Map>
		<Map>distPacmanToGhost</Map>
		<Map>movePacmanToGhost</Map>

		<Map>distToJunction</Map>

		<Map>distToPPill</Map>
		<Map>distPacmanToPPill</Map>
		<Map>movePacmanToPPill</Map>
		
		<Map>distToEdible</Map>
		<Map>distPacmanToEdible</Map>
		<Map>movePacmanToEdible</Map>
	</DescriptionMappings>

	<SolutionClassName>es.ucm.fdi.ici.c2122.practica5.grupo05.ghosts.GhostsSolution</SolutionClassName>
	<SolutionMappings>
		<Map>id</Map>
		<Map>action</Map>
	</SolutionMappings>
	
	<ResultClassName>es.ucm.fdi.ici.c2122.practica5.grupo05.ghosts.GhostsResult</ResultClassName>
	<ResultMappings>
		<Map>id</Map>
		<Map>score</Map>
	</ResultMappings>
</TextFileConfiguration>